INDICE,TRANSACTION_ID,TX_DATETIME,CUSTOMER_ID,TERMINAL_ID,TX_AMOUNT,TX_TIME_SECONDS,TX_TIME_DAYS,TX_FRAUD,TX_FRAUD_SCENARIO
0,0,2023-01-01 00:00:31,596,3156,533.07,31,0,0,0
1,1,2023-01-01 00:02:10,4961,3412,808.56,130,0,0,0
2,2,2023-01-01 00:07:56,2,1365,1442.94,476,0,1,1
3,3,2023-01-01 00:09:29,4128,8737,620.65,569,0,0,0
4,4,2023-01-01 00:10:34,927,9906,490.66,634,0,0,0
5,5,2023-01-01 00:10:45,568,8803,401.17,645,0,0,0
6,6,2023-01-01 00:11:30,2803,5490,938.54,690,0,0,0
7,7,2023-01-01 00:11:44,4684,2486,206.53,704,0,0,0
8,8,2023-01-01 00:11:53,4128,8354,253.47,713,0,0,0
9,9,2023-01-01 00:13:44,541,6212,555.63,824,0,0,0
10,10,2023-01-01 00:16:59,4554,2198,575.43,1019,0,0,0
11,11,2023-01-01 00:17:44,2000,7997,651.42,1064,0,0,0
12,12,2023-01-01 00:18:01,1948,3372,537.04,1081,0,0,0
13,13,2023-01-01 00:19:22,2938,1516,197.46,1162,0,0,0
14,14,2023-01-01 00:19:49,2989,4111,207.87,1189,0,0,0
15,15,2023-01-01 00:20:03,3842,1693,220.9,1203,0,0,0
16,16,2023-01-01 00:20:25,4361,4322,916.4,1225,0,0,0
17,17,2023-01-01 00:20:40,4177,6270,617.88,1240,0,0,0
18,18,2023-01-01 00:20:48,3700,471,845.86,1248,0,0,0
19,19,2023-01-01 00:21:06,3671,4223,637.92,1266,0,0,0
20,20,2023-01-01 00:21:09,1270,931,1378.62,1269,0,1,1
21,21,2023-01-01 00:22:14,2899,6019,353.13,1334,0,0,0
22,22,2023-01-01 00:23:32,4582,7998,476.31,1412,0,0,0
23,23,2023-01-01 00:25:24,508,9687,1376.93,1524,0,1,1
24,24,2023-01-01 00:26:37,2323,1257,628.38,1597,0,0,0
25,25,2023-01-01 00:26:54,1152,8621,528.43,1614,0,0,0
26,26,2023-01-01 00:27:02,2389,9739,306.4,1622,0,0,0
27,27,2023-01-01 00:27:27,967,9401,720.16,1647,0,0,0
28,28,2023-01-01 00:28:07,616,7758,40.38,1687,0,0,0
29,29,2023-01-01 00:28:12,4205,2288,677.17,1692,0,0,0
30,30,2023-01-01 00:29:05,1106,1317,68.97,1745,0,0,0
31,31,2023-01-01 00:29:47,2605,6231,366.06,1787,0,0,0
32,32,2023-01-01 00:30:05,360,1611,868.48,1805,0,0,0
33,33,2023-01-01 00:30:45,4052,3260,29.98,1845,0,0,0
34,34,2023-01-01 00:31:27,3944,2696,714.53,1887,0,0,0
35,35,2023-01-01 00:31:51,1753,8676,1145.15,1911,0,1,1
36,36,2023-01-01 00:32:35,183,4972,375.9,1955,0,0,0
37,37,2023-01-01 00:32:53,4563,4309,307.47,1973,0,0,0
38,38,2023-01-01 00:33:22,1546,2897,313.84,2002,0,0,0
39,39,2023-01-01 00:33:56,4691,3227,448.0,2036,0,0,0
40,40,2023-01-01 00:33:57,4613,4971,314.96,2037,0,0,0
41,41,2023-01-01 00:34:14,3445,7820,357.87,2054,0,0,0
42,42,2023-01-01 00:34:29,731,9969,517.56,2069,0,0,0
43,43,2023-01-01 00:34:45,3425,2930,1177.45,2085,0,1,1
44,44,2023-01-01 00:36:18,2916,1315,139.78,2178,0,0,0
45,45,2023-01-01 00:36:39,855,4297,770.94,2199,0,0,0
46,46,2023-01-01 00:36:39,2033,2061,458.9,2199,0,0,0
47,47,2023-01-01 00:37:06,4999,3885,355.9,2226,0,0,0
48,48,2023-01-01 00:37:45,1660,1562,399.77,2265,0,0,0
49,49,2023-01-01 00:38:22,4853,1417,35.51,2302,0,0,0
50,50,2023-01-01 00:38:40,4489,4112,1295.64,2320,0,1,1
51,51,2023-01-01 00:38:55,4710,511,124.09,2335,0,0,0
52,52,2023-01-01 00:39:10,4106,4930,836.05,2350,0,0,0
53,53,2023-01-01 00:40:12,935,7005,29.89,2412,0,0,0
54,54,2023-01-01 00:43:00,4143,6255,551.67,2580,0,0,0
55,55,2023-01-01 00:43:59,382,2079,112.22,2639,0,0,0
56,56,2023-01-01 00:44:14,2594,5446,705.73,2654,0,0,0
57,57,2023-01-01 00:44:20,4465,8405,308.86,2660,0,0,0
58,58,2023-01-01 00:45:46,3765,8705,117.4,2746,0,0,0
59,59,2023-01-01 00:45:51,381,7869,185.63,2751,0,0,0
60,60,2023-01-01 00:46:39,1380,8113,25.02,2799,0,0,0
61,61,2023-01-01 00:47:24,3431,7795,554.11,2844,0,0,0
62,62,2023-01-01 00:47:48,3873,1273,177.46,2868,0,0,0
63,63,2023-01-01 00:48:13,2798,8688,735.66,2893,0,0,0
64,64,2023-01-01 00:48:26,4401,1409,225.55,2906,0,0,0
65,65,2023-01-01 00:48:27,1181,6730,532.18,2907,0,0,0
66,66,2023-01-01 00:49:01,4044,6763,934.31,2941,0,0,0
67,67,2023-01-01 00:50:02,1525,3736,685.5,3002,0,0,0
68,68,2023-01-01 00:50:33,2373,5821,250.67,3033,0,0,0
69,69,2023-01-01 00:51:19,4235,3352,246.31,3079,0,0,0
70,70,2023-01-01 00:51:21,712,6214,182.62,3081,0,0,0
71,71,2023-01-01 00:51:33,1597,4721,827.83,3093,0,0,0
72,72,2023-01-01 00:51:48,1186,3592,1219.13,3108,0,1,1
73,73,2023-01-01 00:52:16,2109,5559,657.42,3136,0,0,0
74,74,2023-01-01 00:53:28,3615,4739,181.54,3208,0,0,0
75,75,2023-01-01 00:55:44,3332,2254,533.88,3344,0,0,0
76,76,2023-01-01 00:55:48,3904,8641,423.95,3348,0,0,0
77,77,2023-01-01 00:55:48,4757,2889,368.43,3348,0,0,0
78,78,2023-01-01 00:57:10,975,8457,126.68,3430,0,0,0
79,79,2023-01-01 00:57:25,426,2606,777.0,3445,0,0,0
80,80,2023-01-01 00:57:30,3657,5864,221.58,3450,0,0,0
81,81,2023-01-01 00:57:34,4113,8376,174.24,3454,0,0,0
82,82,2023-01-01 00:58:09,1705,1967,192.3,3489,0,0,0
83,83,2023-01-01 00:58:36,1505,9817,134.49,3516,0,0,0
84,84,2023-01-01 00:59:37,2955,3734,486.65,3577,0,0,0
85,85,2023-01-01 00:59:43,2874,2603,149.42,3583,0,0,0
86,86,2023-01-01 01:00:17,893,7750,35.54,3617,0,0,0
87,87,2023-01-01 01:01:51,2873,4072,645.02,3711,0,0,0
88,88,2023-01-01 01:03:08,1073,6612,836.73,3788,0,0,0
89,89,2023-01-01 01:05:34,3387,7836,509.17,3934,0,0,0
90,90,2023-01-01 01:05:34,4967,5237,65.21,3934,0,0,0
91,91,2023-01-01 01:07:32,1396,6038,99.74,4052,0,0,0
92,92,2023-01-01 01:08:19,3411,516,126.98,4099,0,0,0
93,93,2023-01-01 01:09:14,3851,4844,633.75,4154,0,0,0
94,94,2023-01-01 01:10:07,4115,3550,23.49,4207,0,0,0
95,95,2023-01-01 01:11:00,8,3665,7.27,4260,0,0,0
96,96,2023-01-01 01:11:03,1854,4578,146.64,4263,0,0,0
97,97,2023-01-01 01:11:14,4846,7374,403.9,4274,0,0,0
98,98,2023-01-01 01:11:16,786,5372,426.98,4276,0,0,0
99,99,2023-01-01 01:11:32,535,6542,31.56,4292,0,0,0
100,100,2023-01-01 01:12:39,3744,5737,98.85,4359,0,0,0
101,101,2023-01-01 01:12:48,1401,1147,437.79,4368,0,0,0
102,102,2023-01-01 01:13:57,4876,9880,334.98,4437,0,0,0
103,103,2023-01-01 01:15:59,2166,970,145.14,4559,0,0,0
104,104,2023-01-01 01:16:52,2839,6360,475.61,4612,0,0,0
105,105,2023-01-01 01:17:57,1332,3823,759.37,4677,0,0,0
106,106,2023-01-01 01:19:08,3325,1362,207.37,4748,0,0,0
107,107,2023-01-01 01:19:34,4908,392,203.42,4774,0,0,0
108,108,2023-01-01 01:20:45,1799,510,625.31,4845,0,0,0
109,109,2023-01-01 01:20:57,655,2972,968.7,4857,0,0,0
110,110,2023-01-01 01:22:16,2342,9598,123.24,4936,0,0,0
111,111,2023-01-01 01:23:49,3041,891,790.91,5029,0,0,0
112,112,2023-01-01 01:24:08,3481,9300,715.8,5048,0,0,0
113,113,2023-01-01 01:24:23,1974,8218,209.77,5063,0,0,0
114,114,2023-01-01 01:24:51,4836,4463,987.82,5091,0,0,0
115,115,2023-01-01 01:25:06,447,253,910.21,5106,0,0,0
116,116,2023-01-01 01:25:29,4203,6749,1472.54,5129,0,1,1
117,117,2023-01-01 01:25:46,1608,2055,509.71,5146,0,0,0
118,118,2023-01-01 01:26:30,408,4853,209.38,5190,0,0,0
119,119,2023-01-01 01:28:30,973,1746,467.3,5310,0,0,0
120,120,2023-01-01 01:29:20,1708,5472,348.11,5360,0,0,0
121,121,2023-01-01 01:29:37,4217,5249,708.0,5377,0,0,0
122,122,2023-01-01 01:30:06,1037,6760,563.32,5406,0,0,0
123,123,2023-01-01 01:30:26,4785,9406,352.92,5426,0,0,0
124,124,2023-01-01 01:30:29,1697,7059,323.32,5429,0,0,0
125,125,2023-01-01 01:30:36,1151,7438,977.55,5436,0,0,0
126,126,2023-01-01 01:30:47,1321,7991,987.58,5447,0,0,0
127,127,2023-01-01 01:31:16,2387,248,342.76,5476,0,0,0
128,128,2023-01-01 01:32:21,3550,1431,48.0,5541,0,0,0
129,129,2023-01-01 01:32:21,4460,1366,264.65,5541,0,0,0
130,130,2023-01-01 01:32:39,724,6245,906.32,5559,0,0,0
131,131,2023-01-01 01:32:56,3122,8829,2.16,5576,0,0,0
132,132,2023-01-01 01:34:25,2753,3336,460.79,5665,0,0,0
133,133,2023-01-01 01:34:29,3059,777,846.09,5669,0,0,0
134,134,2023-01-01 01:35:10,4477,3543,591.14,5710,0,0,0
135,135,2023-01-01 01:35:31,3556,8126,807.67,5731,0,0,0
136,136,2023-01-01 01:36:50,1028,8336,365.71,5810,0,0,0
137,137,2023-01-01 01:37:03,4313,3371,136.52,5823,0,0,0
138,138,2023-01-01 01:37:16,2570,267,618.6,5836,0,0,0
139,139,2023-01-01 01:37:17,3618,2929,54.56,5837,0,0,0
140,140,2023-01-01 01:38:20,2039,8013,10.26,5900,0,0,0
141,141,2023-01-01 01:38:24,524,3870,932.09,5904,0,0,0
142,142,2023-01-01 01:38:25,230,7708,180.71,5905,0,0,0
143,143,2023-01-01 01:38:35,4599,6271,443.0,5915,0,0,0
144,144,2023-01-01 01:38:36,4015,6901,119.38,5916,0,0,0
145,145,2023-01-01 01:39:17,3282,8899,994.88,5957,0,0,0
146,146,2023-01-01 01:39:37,4347,6974,235.96,5977,0,0,0
147,147,2023-01-01 01:40:44,1193,6150,629.94,6044,0,0,0
148,148,2023-01-01 01:42:16,1457,5424,321.85,6136,0,0,0
149,149,2023-01-01 01:42:17,2431,6100,421.74,6137,0,0,0
150,150,2023-01-01 01:42:27,3131,661,240.7,6147,0,0,0
151,151,2023-01-01 01:42:33,3831,2976,1160.96,6153,0,1,1
152,152,2023-01-01 01:43:19,1453,7269,429.21,6199,0,0,0
153,153,2023-01-01 01:43:25,2716,89,111.16,6205,0,0,0
154,154,2023-01-01 01:43:35,4156,9844,1053.34,6215,0,1,1
155,155,2023-01-01 01:47:05,1958,9858,1072.0,6425,0,1,1
156,156,2023-01-01 01:47:28,2902,7698,778.02,6448,0,0,0
157,157,2023-01-01 01:48:09,3644,8780,446.39,6489,0,0,0
158,158,2023-01-01 01:48:09,4405,400,844.48,6489,0,0,0
159,159,2023-01-01 01:49:29,2391,1585,615.46,6569,0,0,0
160,160,2023-01-01 01:49:43,1843,4448,649.43,6583,0,0,0
161,161,2023-01-01 01:49:51,2608,8229,610.58,6591,0,0,0
162,162,2023-01-01 01:50:15,4683,6847,73.07,6615,0,0,0
163,163,2023-01-01 01:50:31,1802,9995,230.89,6631,0,0,0
164,164,2023-01-01 01:50:43,3076,9926,891.2,6643,0,0,0
165,165,2023-01-01 01:50:46,3600,2581,36.62,6646,0,0,0
166,166,2023-01-01 01:51:12,3270,5096,615.63,6672,0,0,0
167,167,2023-01-01 01:51:24,731,1304,553.9,6684,0,0,0
168,168,2023-01-01 01:51:49,3013,8175,46.64,6709,0,0,0
169,169,2023-01-01 01:54:28,955,5234,386.93,6868,0,0,0
170,170,2023-01-01 01:54:39,1254,8467,525.44,6879,0,0,0
171,171,2023-01-01 01:54:50,569,6132,876.94,6890,0,0,0
172,172,2023-01-01 01:54:52,2081,7861,300.2,6892,0,0,0
173,173,2023-01-01 01:55:16,4013,5334,718.37,6916,0,0,0
174,174,2023-01-01 01:55:28,474,776,44.37,6928,0,0,0
175,175,2023-01-01 01:55:54,4657,4740,203.91,6954,0,0,0
176,176,2023-01-01 01:56:23,398,5874,63.17,6983,0,0,0
177,177,2023-01-01 01:56:44,55,1677,313.57,7004,0,0,0
178,178,2023-01-01 01:57:09,1877,2158,442.24,7029,0,0,0
179,179,2023-01-01 01:57:21,850,8890,823.21,7041,0,0,0
180,180,2023-01-01 01:59:10,1759,7277,1025.92,7150,0,1,1
181,181,2023-01-01 01:59:15,159,6452,525.77,7155,0,0,0
182,182,2023-01-01 01:59:53,2352,5183,199.79,7193,0,0,0
183,183,2023-01-01 02:00:26,531,9634,455.98,7226,0,0,0
184,184,2023-01-01 02:00:54,865,7412,383.68,7254,0,0,0
185,185,2023-01-01 02:01:01,3048,1833,214.05,7261,0,0,0
186,186,2023-01-01 02:01:45,4736,5345,716.31,7305,0,0,0
187,187,2023-01-01 02:01:59,4742,499,14.24,7319,0,0,0
188,188,2023-01-01 02:03:39,1263,3610,229.98,7419,0,0,0
189,189,2023-01-01 02:03:44,1548,4473,683.03,7424,0,0,0
190,190,2023-01-01 02:03:45,4539,8929,1555.41,7425,0,1,1
191,191,2023-01-01 02:03:55,1432,4195,1244.22,7435,0,1,1
192,192,2023-01-01 02:04:04,1312,4745,19.69,7444,0,0,0
193,193,2023-01-01 02:04:08,3131,8040,223.57,7448,0,0,0
194,194,2023-01-01 02:04:29,2971,550,290.34,7469,0,0,0
195,195,2023-01-01 02:05:13,1172,9909,187.71,7513,0,0,0
196,196,2023-01-01 02:06:28,1964,7897,53.82,7588,0,0,0
197,197,2023-01-01 02:07:46,2701,5125,479.32,7666,0,0,0
198,198,2023-01-01 02:07:55,749,5373,1502.05,7675,0,1,1
199,199,2023-01-01 02:08:19,3128,7993,355.68,7699,0,0,0
200,200,2023-01-01 02:09:22,819,1591,741.84,7762,0,0,0
201,201,2023-01-01 02:09:23,3558,1223,470.09,7763,0,0,0
202,202,2023-01-01 02:09:24,4995,7062,863.29,7764,0,0,0
203,203,2023-01-01 02:09:28,2839,5886,599.34,7768,0,0,0
204,204,2023-01-01 02:09:40,2946,6776,117.78,7780,0,0,0
205,205,2023-01-01 02:09:51,825,7474,799.87,7791,0,0,0
206,206,2023-01-01 02:10:34,3409,8175,899.05,7834,0,0,0
207,207,2023-01-01 02:10:41,1093,9083,119.71,7841,0,0,0
208,208,2023-01-01 02:12:14,2811,623,956.75,7934,0,0,0
209,209,2023-01-01 02:12:46,1440,4831,607.16,7966,0,0,0
210,210,2023-01-01 02:12:54,3814,9250,156.85,7974,0,0,0
211,211,2023-01-01 02:13:34,1631,795,368.29,8014,0,0,0
212,212,2023-01-01 02:13:54,354,3835,192.93,8034,0,0,0
213,213,2023-01-01 02:14:20,3261,9431,243.39,8060,0,0,0
214,214,2023-01-01 02:15:07,1913,7248,1046.26,8107,0,1,1
215,215,2023-01-01 02:16:23,1075,8491,26.6,8183,0,0,0
216,216,2023-01-01 02:16:37,4936,8213,578.51,8197,0,0,0
217,217,2023-01-01 02:16:55,1894,2722,53.97,8215,0,0,0
218,218,2023-01-01 02:17:26,220,7207,1069.19,8246,0,1,1
219,219,2023-01-01 02:18:02,4322,2944,50.09,8282,0,0,0
220,220,2023-01-01 02:18:04,953,3600,142.99,8284,0,0,0
221,221,2023-01-01 02:18:26,4122,1625,286.56,8306,0,0,0
222,222,2023-01-01 02:18:39,2081,1350,648.39,8319,0,0,0
223,223,2023-01-01 02:19:27,3937,8131,940.98,8367,0,0,0
224,224,2023-01-01 02:19:42,3083,9653,306.37,8382,0,0,0
225,225,2023-01-01 02:20:26,2152,5039,644.1,8426,0,0,0
226,226,2023-01-01 02:20:28,423,3176,247.29,8428,0,0,0
227,227,2023-01-01 02:20:32,3379,1588,213.89,8432,0,0,0
228,228,2023-01-01 02:20:52,1545,5772,571.74,8452,0,0,0
229,229,2023-01-01 02:20:58,3217,1796,478.79,8458,0,0,0
230,230,2023-01-01 02:22:02,447,6492,932.99,8522,0,0,0
231,231,2023-01-01 02:22:12,2326,8614,491.19,8532,0,0,0
232,232,2023-01-01 02:22:32,2121,837,964.01,8552,0,0,0
233,233,2023-01-01 02:22:38,3674,7431,1027.02,8558,0,1,1
234,234,2023-01-01 02:23:15,3869,5536,197.53,8595,0,0,0
235,235,2023-01-01 02:23:29,3153,2843,897.58,8609,0,0,0
236,236,2023-01-01 02:24:12,2235,2518,439.17,8652,0,0,0
237,237,2023-01-01 02:24:16,851,6323,278.26,8656,0,0,0
238,238,2023-01-01 02:24:21,4931,6802,131.59,8661,0,0,0
239,239,2023-01-01 02:24:40,30,4585,1714.22,8680,0,1,1
240,240,2023-01-01 02:24:55,3258,2875,650.63,8695,0,0,0
241,241,2023-01-01 02:25:09,1143,9735,600.71,8709,0,0,0
242,242,2023-01-01 02:25:12,1953,4132,730.25,8712,0,0,0
243,243,2023-01-01 02:25:21,671,9863,65.82,8721,0,0,0
244,244,2023-01-01 02:25:54,1597,8217,1455.38,8754,0,1,1
245,245,2023-01-01 02:26:15,3919,8275,210.74,8775,0,0,0
246,246,2023-01-01 02:26:25,3604,4035,762.4,8785,0,0,0
247,247,2023-01-01 02:26:38,574,6031,576.97,8798,0,0,0
248,248,2023-01-01 02:26:41,2806,290,236.8,8801,0,0,0
249,249,2023-01-01 02:26:53,1432,5320,1051.06,8813,0,1,1
250,250,2023-01-01 02:27:04,340,6610,284.18,8824,0,0,0
251,251,2023-01-01 02:27:24,3337,9444,725.97,8844,0,0,0
252,252,2023-01-01 02:27:51,4036,1441,1195.51,8871,0,1,1
253,253,2023-01-01 02:28:06,2164,4246,938.13,8886,0,0,0
254,254,2023-01-01 02:28:13,1106,6543,204.05,8893,0,0,0
255,255,2023-01-01 02:28:17,497,3357,239.34,8897,0,0,0
256,256,2023-01-01 02:28:17,270,8784,85.13,8897,0,0,0
257,257,2023-01-01 02:28:41,1935,2518,10.47,8921,0,0,0
258,258,2023-01-01 02:29:22,3317,4154,4.49,8962,0,0,0
259,259,2023-01-01 02:29:54,988,9256,791.48,8994,0,0,0
260,260,2023-01-01 02:30:00,358,2834,710.9,9000,0,0,0
261,261,2023-01-01 02:30:09,3826,809,469.12,9009,0,0,0
262,262,2023-01-01 02:30:25,758,4640,109.61,9025,0,0,0
263,263,2023-01-01 02:30:45,1438,8544,148.98,9045,0,0,0
264,264,2023-01-01 02:30:55,4414,2788,98.93,9055,0,0,0
265,265,2023-01-01 02:31:07,1854,5474,137.27,9067,0,0,0
266,266,2023-01-01 02:31:56,3129,225,811.7,9116,0,0,0
267,267,2023-01-01 02:31:58,1799,2123,1083.68,9118,0,1,1
268,268,2023-01-01 02:32:08,4752,2088,710.14,9128,0,0,0
269,269,2023-01-01 02:32:28,4802,7298,18.32,9148,0,0,0
270,270,2023-01-01 02:32:43,4059,2096,211.08,9163,0,0,0
271,271,2023-01-01 02:32:52,2336,7009,1347.85,9172,0,1,1
272,272,2023-01-01 02:32:53,3424,1921,922.76,9173,0,0,0
273,273,2023-01-01 02:33:29,3528,9724,636.37,9209,0,0,0
274,274,2023-01-01 02:33:41,177,7634,196.81,9221,0,0,0
275,275,2023-01-01 02:33:46,2953,5603,885.81,9226,0,0,0
276,276,2023-01-01 02:33:55,2337,6745,20.2,9235,0,0,0
277,277,2023-01-01 02:34:24,1460,6544,514.38,9264,0,0,0
278,278,2023-01-01 02:34:30,881,6143,159.28,9270,0,0,0
279,279,2023-01-01 02:34:50,2644,4747,1045.05,9290,0,1,1
280,280,2023-01-01 02:34:51,2006,731,551.2,9291,0,0,0
281,281,2023-01-01 02:34:59,3693,1864,1295.91,9299,0,1,1
282,282,2023-01-01 02:34:59,863,5492,1341.29,9299,0,1,1
283,283,2023-01-01 02:35:06,2991,6587,146.39,9306,0,0,0
284,284,2023-01-01 02:35:44,286,7108,177.3,9344,0,0,0
285,285,2023-01-01 02:35:47,1266,4942,231.93,9347,0,0,0
286,286,2023-01-01 02:35:49,865,9104,183.11,9349,0,0,0
287,287,2023-01-01 02:35:58,340,1397,92.23,9358,0,0,0
288,288,2023-01-01 02:36:35,139,138,1162.26,9395,0,1,1
289,289,2023-01-01 02:36:40,632,7528,281.74,9400,0,0,0
290,290,2023-01-01 02:36:41,1528,3959,563.27,9401,0,0,0
291,291,2023-01-01 02:36:47,2019,7289,153.24,9407,0,0,0
292,292,2023-01-01 02:36:49,1898,4909,181.66,9409,0,0,0
293,293,2023-01-01 02:36:59,4196,1841,86.79,9419,0,0,0
294,294,2023-01-01 02:37:22,204,1257,723.27,9442,0,0,0
295,295,2023-01-01 02:38:08,3755,2761,424.99,9488,0,0,0
296,296,2023-01-01 02:38:30,4533,655,727.42,9510,0,0,0
297,297,2023-01-01 02:38:57,3618,44,829.14,9537,0,0,0
298,298,2023-01-01 02:39:14,3581,3566,495.53,9554,0,0,0
299,299,2023-01-01 02:39:33,3784,266,599.96,9573,0,0,0
300,300,2023-01-01 02:39:44,4125,9504,100.3,9584,0,0,0
301,301,2023-01-01 02:39:56,3635,6661,850.14,9596,0,0,0
302,302,2023-01-01 02:40:13,4451,7635,717.36,9613,0,0,0
303,303,2023-01-01 02:40:36,2255,7532,606.43,9636,0,0,0
304,304,2023-01-01 02:40:41,4846,7359,354.94,9641,0,0,0
305,305,2023-01-01 02:40:44,3232,582,7.04,9644,0,0,0
306,306,2023-01-01 02:41:15,1718,5242,7.38,9675,0,0,0
307,307,2023-01-01 02:41:27,1438,8201,160.24,9687,0,0,0
308,308,2023-01-01 02:42:04,2139,8328,401.95,9724,0,0,0
309,309,2023-01-01 02:42:06,3887,5394,366.42,9726,0,0,0
310,310,2023-01-01 02:42:11,4135,857,1079.85,9731,0,1,1
311,311,2023-01-01 02:42:24,4773,618,575.01,9744,0,0,0
312,312,2023-01-01 02:42:44,884,8870,401.08,9764,0,0,0
313,313,2023-01-01 02:42:46,1151,9227,702.81,9766,0,0,0
314,314,2023-01-01 02:42:49,2988,262,95.89,9769,0,0,0
315,315,2023-01-01 02:42:52,856,3214,331.93,9772,0,0,0
316,316,2023-01-01 02:43:04,2557,4092,77.12,9784,0,0,0
317,317,2023-01-01 02:43:34,59,4005,360.44,9814,0,0,0
318,318,2023-01-01 02:43:36,4671,214,1284.28,9816,0,1,1
319,319,2023-01-01 02:44:04,2730,4416,336.39,9844,0,0,0
320,320,2023-01-01 02:45:10,1655,8725,611.41,9910,0,0,0
321,321,2023-01-01 02:45:13,1557,9751,541.64,9913,0,0,0
322,322,2023-01-01 02:45:37,2558,9155,1219.36,9937,0,1,1
323,323,2023-01-01 02:46:25,1447,2017,898.23,9985,0,0,0
324,324,2023-01-01 02:46:27,2555,5307,640.8,9987,0,0,0
325,325,2023-01-01 02:46:43,2418,7078,38.8,10003,0,0,0
326,326,2023-01-01 02:47:11,128,6937,941.18,10031,0,0,0
327,327,2023-01-01 02:47:46,3195,9359,223.19,10066,0,0,0
328,328,2023-01-01 02:47:53,2957,1968,626.51,10073,0,0,0
329,329,2023-01-01 02:48:29,2315,8828,1492.06,10109,0,1,1
330,330,2023-01-01 02:48:39,4390,2918,383.55,10119,0,0,0
331,331,2023-01-01 02:48:57,3414,8165,661.86,10137,0,0,0
332,332,2023-01-01 02:49:33,4369,5012,848.7,10173,0,0,0
333,333,2023-01-01 02:50:04,2900,4185,190.05,10204,0,0,0
334,334,2023-01-01 02:51:27,2754,6030,730.78,10287,0,0,0
335,335,2023-01-01 02:52:02,4758,8177,325.49,10322,0,0,0
336,336,2023-01-01 02:52:44,4372,1758,105.95,10364,0,0,0
337,337,2023-01-01 02:52:45,3784,6488,390.89,10365,0,0,0
338,338,2023-01-01 02:52:51,2697,5251,163.46,10371,0,0,0
339,339,2023-01-01 02:52:54,1604,7938,185.28,10374,0,0,0
340,340,2023-01-01 02:53:06,2477,2693,332.88,10386,0,0,0
341,341,2023-01-01 02:53:27,4444,4826,677.9,10407,0,0,0
342,342,2023-01-01 02:54:33,2808,702,1006.46,10473,0,1,1
343,343,2023-01-01 02:54:36,563,426,679.52,10476,0,0,0
344,344,2023-01-01 02:55:03,458,9555,63.96,10503,0,0,0
345,345,2023-01-01 02:55:18,4858,9495,46.13,10518,0,0,0
346,346,2023-01-01 02:55:29,4896,2311,40.95,10529,0,0,0
347,347,2023-01-01 02:55:55,3727,4593,32.28,10555,0,0,0
348,348,2023-01-01 02:55:59,3674,6367,767.41,10559,0,0,0
349,349,2023-01-01 02:56:00,1503,6898,381.03,10560,0,0,0
350,350,2023-01-01 02:56:06,4825,896,452.06,10566,0,0,0
351,351,2023-01-01 02:56:12,4869,5577,694.84,10572,0,0,0
352,352,2023-01-01 02:56:14,517,6407,413.87,10574,0,0,0
353,353,2023-01-01 02:56:28,1851,2727,932.44,10588,0,0,0
354,354,2023-01-01 02:57:07,4720,1068,533.0,10627,0,0,0
355,355,2023-01-01 02:57:37,418,6580,1746.18,10657,0,1,1
356,356,2023-01-01 02:58:09,528,1026,941.13,10689,0,0,0
357,357,2023-01-01 02:58:27,1692,6363,621.09,10707,0,0,0
358,358,2023-01-01 02:58:32,2912,2974,91.04,10712,0,0,0
359,359,2023-01-01 02:59:03,3952,3283,1082.64,10743,0,1,1
360,360,2023-01-01 02:59:14,1340,5566,175.15,10754,0,0,0
361,361,2023-01-01 02:59:23,3997,4169,1467.14,10763,0,1,1
362,362,2023-01-01 03:00:01,53,7420,8.51,10801,0,0,0
363,363,2023-01-01 03:00:17,1061,6926,708.55,10817,0,0,0
364,364,2023-01-01 03:00:20,2522,5523,400.71,10820,0,0,0
365,365,2023-01-01 03:00:35,2033,2160,475.83,10835,0,0,0
366,366,2023-01-01 03:00:42,3653,1652,296.46,10842,0,0,0
367,367,2023-01-01 03:00:53,2353,4051,162.5,10853,0,0,0
368,368,2023-01-01 03:00:54,842,8566,58.25,10854,0,0,0
369,369,2023-01-01 03:01:13,3558,7467,194.57,10873,0,0,0
370,370,2023-01-01 03:01:30,4715,696,239.8,10890,0,0,0
371,371,2023-01-01 03:02:04,4109,4123,496.35,10924,0,0,0
372,372,2023-01-01 03:02:33,3466,5677,9.23,10953,0,0,0
373,373,2023-01-01 03:02:46,3606,6029,473.35,10966,0,0,0
374,374,2023-01-01 03:02:50,3653,1823,269.21,10970,0,0,0
375,375,2023-01-01 03:02:52,2551,9822,233.84,10972,0,0,0
376,376,2023-01-01 03:02:55,2086,4177,406.58,10975,0,0,0
377,377,2023-01-01 03:03:04,1882,6047,933.13,10984,0,0,0
378,378,2023-01-01 03:03:50,4904,6298,960.05,11030,0,0,0
379,379,2023-01-01 03:04:19,576,4388,1455.73,11059,0,1,1
380,380,2023-01-01 03:04:36,3354,1617,595.01,11076,0,0,0
381,381,2023-01-01 03:04:47,1373,3345,1160.34,11087,0,1,1
382,382,2023-01-01 03:06:13,1393,8128,36.25,11173,0,0,0
383,383,2023-01-01 03:06:38,4673,8557,104.97,11198,0,0,0
384,384,2023-01-01 03:06:38,3291,3233,107.03,11198,0,0,0
385,385,2023-01-01 03:06:56,2889,2387,531.23,11216,0,0,0
386,386,2023-01-01 03:07:18,36,1653,89.15,11238,0,0,0
387,387,2023-01-01 03:07:53,1198,7119,166.1,11273,0,0,0
388,388,2023-01-01 03:08:30,4626,3566,535.61,11310,0,0,0
389,389,2023-01-01 03:08:42,3688,2,506.38,11322,0,0,0
390,390,2023-01-01 03:08:52,3105,8114,100.46,11332,0,0,0
391,391,2023-01-01 03:09:12,540,396,549.28,11352,0,0,0
392,392,2023-01-01 03:09:30,3206,2551,618.17,11370,0,0,0
393,393,2023-01-01 03:09:32,2383,6188,619.31,11372,0,0,0
394,394,2023-01-01 03:09:59,3543,9957,687.68,11399,0,0,0
395,395,2023-01-01 03:10:05,930,9541,81.6,11405,0,0,0
396,396,2023-01-01 03:10:16,2620,4241,159.98,11416,0,0,0
397,397,2023-01-01 03:10:31,1739,3820,541.87,11431,0,0,0
398,398,2023-01-01 03:11:07,2153,92,765.09,11467,0,0,0
399,399,2023-01-01 03:11:50,3231,647,183.67,11510,0,0,0
400,400,2023-01-01 03:11:51,3114,8840,432.62,11511,0,0,0
401,401,2023-01-01 03:12:11,77,5525,868.32,11531,0,0,0
402,402,2023-01-01 03:12:29,3805,9055,1139.4,11549,0,1,1
403,403,2023-01-01 03:12:52,1097,8608,508.9,11572,0,0,0
404,404,2023-01-01 03:13:43,1802,5461,581.04,11623,0,0,0
405,405,2023-01-01 03:13:49,4783,3536,400.72,11629,0,0,0
406,406,2023-01-01 03:14:45,3540,4883,1031.43,11685,0,1,1
407,407,2023-01-01 03:14:47,3197,9424,944.13,11687,0,0,0
408,408,2023-01-01 03:15:24,2762,8104,709.91,11724,0,0,0
409,409,2023-01-01 03:15:51,4463,6152,418.7,11751,0,0,0
410,410,2023-01-01 03:15:55,2932,5188,846.63,11755,0,0,0
411,411,2023-01-01 03:15:55,3010,9496,247.55,11755,0,0,0
412,412,2023-01-01 03:15:56,4525,135,366.19,11756,0,0,0
413,413,2023-01-01 03:15:58,4582,2363,1209.39,11758,0,1,1
414,414,2023-01-01 03:16:25,555,5424,13.33,11785,0,0,0
415,415,2023-01-01 03:16:49,2911,618,44.51,11809,0,0,0
416,416,2023-01-01 03:16:51,4504,7866,1083.71,11811,0,1,1
417,417,2023-01-01 03:17:10,2988,7621,367.98,11830,0,0,0
418,418,2023-01-01 03:17:17,1559,2530,218.69,11837,0,0,0
419,419,2023-01-01 03:17:23,3796,8433,879.71,11843,0,0,0
420,420,2023-01-01 03:17:26,4455,7810,1357.49,11846,0,1,1
421,421,2023-01-01 03:17:29,2217,1180,169.22,11849,0,0,0
422,422,2023-01-01 03:17:55,2808,8275,837.95,11875,0,0,0
423,423,2023-01-01 03:18:23,4049,6013,233.24,11903,0,0,0
424,424,2023-01-01 03:18:24,3297,5113,25.63,11904,0,0,0
425,425,2023-01-01 03:18:32,684,6352,462.53,11912,0,0,0
426,426,2023-01-01 03:18:33,3685,8176,175.3,11913,0,0,0
427,427,2023-01-01 03:18:42,4008,1706,788.1,11922,0,0,0
428,428,2023-01-01 03:19:10,3431,7622,844.24,11950,0,0,0
429,429,2023-01-01 03:19:27,2573,2833,255.71,11967,0,0,0
430,430,2023-01-01 03:19:33,4539,4718,803.95,11973,0,0,0
431,431,2023-01-01 03:20:38,3922,5232,428.06,12038,0,0,0
432,432,2023-01-01 03:20:48,4010,1106,294.83,12048,0,0,0
433,433,2023-01-01 03:21:26,3102,2682,3.31,12086,0,0,0
434,434,2023-01-01 03:21:47,2234,1216,963.39,12107,0,0,0
435,435,2023-01-01 03:21:54,249,8423,309.82,12114,0,0,0
436,436,2023-01-01 03:22:25,4307,7013,732.89,12145,0,0,0
437,437,2023-01-01 03:22:53,81,8204,822.76,12173,0,0,0
438,438,2023-01-01 03:22:54,1627,8473,40.74,12174,0,0,0
439,439,2023-01-01 03:23:09,776,6660,560.17,12189,0,0,0
440,440,2023-01-01 03:23:22,4540,4458,60.85,12202,0,0,0
441,441,2023-01-01 03:23:59,4254,854,44.91,12239,0,0,0
442,442,2023-01-01 03:24:46,3898,7569,564.18,12286,0,0,0
443,443,2023-01-01 03:25:21,1523,3502,497.92,12321,0,0,0
444,444,2023-01-01 03:25:24,461,5653,498.75,12324,0,0,0
445,445,2023-01-01 03:25:56,3826,3244,490.44,12356,0,0,0
446,446,2023-01-01 03:26:02,4736,370,426.16,12362,0,0,0
447,447,2023-01-01 03:26:08,3288,7064,380.27,12368,0,0,0
448,448,2023-01-01 03:26:15,4523,1357,458.66,12375,0,0,0
449,449,2023-01-01 03:27:21,3353,4407,2.41,12441,0,0,0
450,450,2023-01-01 03:27:23,4155,7494,99.72,12443,0,0,0
451,451,2023-01-01 03:27:35,2248,4166,355.08,12455,0,0,0
452,452,2023-01-01 03:28:47,1687,4186,412.11,12527,0,0,0
453,453,2023-01-01 03:29:30,3522,4475,565.03,12570,0,0,0
454,454,2023-01-01 03:29:33,2667,929,800.33,12573,0,0,0
455,455,2023-01-01 03:29:54,1902,239,179.25,12594,0,0,0
456,456,2023-01-01 03:30:06,4919,457,11.31,12606,0,0,0
457,457,2023-01-01 03:30:28,2382,5053,145.07,12628,0,0,0
458,458,2023-01-01 03:30:38,1885,9706,152.55,12638,0,0,0
459,459,2023-01-01 03:30:42,889,3157,79.6,12642,0,0,0
460,460,2023-01-01 03:30:45,1203,3243,460.98,12645,0,0,0
461,461,2023-01-01 03:31:16,3280,498,287.99,12676,0,0,0
462,462,2023-01-01 03:31:33,1410,4701,856.4,12693,0,0,0
463,463,2023-01-01 03:31:34,2149,4524,26.52,12694,0,0,0
464,464,2023-01-01 03:32:01,3767,8928,75.54,12721,0,0,0
465,465,2023-01-01 03:32:39,2685,3619,311.15,12759,0,0,0
466,466,2023-01-01 03:32:41,4800,1831,71.02,12761,0,0,0
467,467,2023-01-01 03:33:00,4797,892,428.91,12780,0,0,0
468,468,2023-01-01 03:33:26,2445,7263,527.29,12806,0,0,0
469,469,2023-01-01 03:33:48,2939,7495,342.19,12828,0,0,0
470,470,2023-01-01 03:34:09,2161,7108,274.07,12849,0,0,0
471,471,2023-01-01 03:34:33,2117,3034,1396.43,12873,0,1,1
472,472,2023-01-01 03:35:06,1213,4884,463.21,12906,0,0,0
473,473,2023-01-01 03:35:19,721,6792,162.45,12919,0,0,0
474,474,2023-01-01 03:35:21,2608,7040,381.48,12921,0,0,0
475,475,2023-01-01 03:35:50,3274,3642,830.64,12950,0,0,0
476,476,2023-01-01 03:35:52,2333,342,211.13,12952,0,0,0
477,477,2023-01-01 03:35:53,4333,5341,1507.86,12953,0,1,1
478,478,2023-01-01 03:36:02,2507,1476,654.18,12962,0,0,0
479,479,2023-01-01 03:36:15,3514,1476,702.31,12975,0,0,0
480,480,2023-01-01 03:37:07,3314,1356,778.4,13027,0,0,0
481,481,2023-01-01 03:37:17,1829,7589,355.45,13037,0,0,0
482,482,2023-01-01 03:37:24,4962,7619,553.13,13044,0,0,0
483,483,2023-01-01 03:37:28,2205,5209,462.12,13048,0,0,0
484,484,2023-01-01 03:37:28,4436,4514,144.47,13048,0,0,0
485,485,2023-01-01 03:37:49,261,1660,1154.68,13069,0,1,1
486,486,2023-01-01 03:38:04,786,6957,149.43,13084,0,0,0
487,487,2023-01-01 03:38:31,1826,2191,1600.74,13111,0,1,1
488,488,2023-01-01 03:38:31,2365,2301,816.73,13111,0,0,0
489,489,2023-01-01 03:39:01,842,943,60.51,13141,0,0,0
490,490,2023-01-01 03:40:11,1129,8675,406.25,13211,0,0,0
491,491,2023-01-01 03:40:23,354,3112,224.78,13223,0,0,0
492,492,2023-01-01 03:40:40,4478,3097,614.67,13240,0,0,0
493,493,2023-01-01 03:40:41,3312,9219,404.68,13241,0,0,0
494,494,2023-01-01 03:40:57,4501,2125,76.06,13257,0,0,0
495,495,2023-01-01 03:41:00,67,7145,1248.74,13260,0,1,1
496,496,2023-01-01 03:41:12,891,7340,830.56,13272,0,0,0
497,497,2023-01-01 03:41:25,3490,7427,128.03,13285,0,0,0
498,498,2023-01-01 03:41:32,454,6393,207.62,13292,0,0,0
499,499,2023-01-01 03:42:06,98,5970,8.01,13326,0,0,0
500,500,2023-01-01 03:42:16,2722,4792,782.67,13336,0,0,0
501,501,2023-01-01 03:42:17,3895,4795,624.47,13337,0,0,0
502,502,2023-01-01 03:43:11,2110,2989,534.88,13391,0,0,0
503,503,2023-01-01 03:43:56,1719,5716,40.87,13436,0,0,0
504,504,2023-01-01 03:44:10,2676,4380,578.53,13450,0,0,0
505,505,2023-01-01 03:44:15,1614,3075,1552.61,13455,0,1,1
506,506,2023-01-01 03:44:19,111,8681,630.7,13459,0,0,0
507,507,2023-01-01 03:45:34,2820,8822,504.44,13534,0,0,0
508,508,2023-01-01 03:45:38,3698,6436,1042.0,13538,0,1,1
509,509,2023-01-01 03:45:55,1638,5571,302.91,13555,0,0,0
510,510,2023-01-01 03:46:06,3413,5051,528.95,13566,0,0,0
511,511,2023-01-01 03:46:08,3206,2009,959.79,13568,0,0,0
512,512,2023-01-01 03:46:08,3500,8977,24.51,13568,0,0,0
513,513,2023-01-01 03:46:22,3551,8367,127.03,13582,0,0,0
514,514,2023-01-01 03:46:29,380,2482,704.76,13589,0,0,0
515,515,2023-01-01 03:46:41,3776,7847,260.84,13601,0,0,0
516,516,2023-01-01 03:46:41,1953,6868,1173.62,13601,0,1,1
517,517,2023-01-01 03:46:51,3643,4506,694.72,13611,0,0,0
518,518,2023-01-01 03:47:15,4638,856,36.93,13635,0,0,0
519,519,2023-01-01 03:47:36,4967,7197,46.7,13656,0,0,0
520,520,2023-01-01 03:47:41,3369,9038,493.65,13661,0,0,0
521,521,2023-01-01 03:48:03,1722,5092,1160.82,13683,0,1,1
522,522,2023-01-01 03:48:16,4422,3800,573.78,13696,0,0,0
523,523,2023-01-01 03:48:20,2972,1920,927.66,13700,0,0,0
524,524,2023-01-01 03:48:21,4882,3266,437.15,13701,0,0,0
525,525,2023-01-01 03:48:46,3814,24,160.52,13726,0,0,0
526,526,2023-01-01 03:49:08,2030,5206,615.0,13748,0,0,0
527,527,2023-01-01 03:49:12,3931,4743,95.68,13752,0,0,0
528,528,2023-01-01 03:49:27,423,5710,128.47,13767,0,0,0
529,529,2023-01-01 03:49:41,2690,4500,315.45,13781,0,0,0
530,530,2023-01-01 03:49:42,4090,394,26.62,13782,0,0,0
531,531,2023-01-01 03:49:46,1473,1882,1093.06,13786,0,1,1
532,532,2023-01-01 03:50:28,532,4088,46.64,13828,0,0,0
533,533,2023-01-01 03:50:36,4497,1993,62.26,13836,0,0,0
534,534,2023-01-01 03:50:49,4555,8945,150.92,13849,0,0,0
535,535,2023-01-01 03:51:15,3998,1814,248.05,13875,0,0,0
536,536,2023-01-01 03:51:19,4554,2550,562.43,13879,0,0,0
537,537,2023-01-01 03:51:38,4961,6658,559.58,13898,0,0,0
538,538,2023-01-01 03:51:40,204,7633,996.46,13900,0,0,0
539,539,2023-01-01 03:51:45,2726,464,102.98,13905,0,0,0
540,540,2023-01-01 03:51:53,2044,946,537.43,13913,0,0,0
541,541,2023-01-01 03:52:19,3214,48,585.46,13939,0,0,0
542,542,2023-01-01 03:52:19,4114,693,469.96,13939,0,0,0
543,543,2023-01-01 03:52:38,2581,5625,1063.94,13958,0,1,1
544,544,2023-01-01 03:52:41,3994,1249,433.7,13961,0,0,0
545,545,2023-01-01 03:52:49,1396,1147,37.46,13969,0,0,0
546,546,2023-01-01 03:52:51,1894,7266,187.05,13971,0,0,0
547,547,2023-01-01 03:52:57,2772,6444,1186.17,13977,0,1,1
548,548,2023-01-01 03:53:02,635,8954,16.06,13982,0,0,0
549,549,2023-01-01 03:53:28,1449,1790,385.33,14008,0,0,0
550,550,2023-01-01 03:53:47,2337,8609,20.79,14027,0,0,0
551,551,2023-01-01 03:54:56,3249,2900,584.71,14096,0,0,0
552,552,2023-01-01 03:54:58,979,7545,427.66,14098,0,0,0
553,553,2023-01-01 03:55:12,1885,275,261.96,14112,0,0,0
554,554,2023-01-01 03:55:40,3020,5540,242.67,14140,0,0,0
555,555,2023-01-01 03:56:16,3479,2800,50.22,14176,0,0,0
556,556,2023-01-01 03:56:21,200,49,804.21,14181,0,0,0
557,557,2023-01-01 03:56:36,356,8061,342.51,14196,0,0,0
558,558,2023-01-01 03:57:12,2406,4850,107.18,14232,0,0,0
559,559,2023-01-01 03:57:31,4669,712,709.96,14251,0,0,0
560,560,2023-01-01 03:57:45,873,2005,38.61,14265,0,0,0
561,561,2023-01-01 03:58:00,1484,2187,163.29,14280,0,0,0
562,562,2023-01-01 03:58:06,1988,2686,203.89,14286,0,0,0
563,563,2023-01-01 03:58:06,284,4994,360.65,14286,0,0,0
564,564,2023-01-01 03:58:09,3685,2593,103.97,14289,0,0,0
565,565,2023-01-01 03:58:50,4405,3859,552.14,14330,0,0,0
566,566,2023-01-01 03:59:09,395,5902,451.52,14349,0,0,0
567,567,2023-01-01 03:59:13,4046,9161,159.82,14353,0,0,0
568,568,2023-01-01 03:59:18,3360,6171,229.9,14358,0,0,0
569,569,2023-01-01 03:59:19,161,7462,746.59,14359,0,0,0
570,570,2023-01-01 03:59:23,3980,2804,301.09,14363,0,0,0
571,571,2023-01-01 03:59:34,792,7574,1196.08,14374,0,1,1
572,572,2023-01-01 04:00:12,38,9867,85.09,14412,0,0,0
573,573,2023-01-01 04:00:38,3974,1789,808.31,14438,0,0,0
574,574,2023-01-01 04:00:48,3185,7493,111.31,14448,0,0,0
575,575,2023-01-01 04:00:50,495,4360,392.99,14450,0,0,0
576,576,2023-01-01 04:00:52,2404,932,250.5,14452,0,0,0
577,577,2023-01-01 04:00:55,440,625,107.78,14455,0,0,0
578,578,2023-01-01 04:00:56,3106,8,655.25,14456,0,0,0
579,579,2023-01-01 04:00:58,4187,1997,812.96,14458,0,0,0
580,580,2023-01-01 04:01:00,870,4971,980.3,14460,0,0,0
581,581,2023-01-01 04:01:30,2917,323,454.09,14490,0,0,0
582,582,2023-01-01 04:01:41,4081,4602,350.12,14501,0,0,0
583,583,2023-01-01 04:01:52,345,6866,1124.07,14512,0,1,1
584,584,2023-01-01 04:02:05,4768,2803,1020.01,14525,0,1,1
585,585,2023-01-01 04:02:06,3392,9706,1015.31,14526,0,1,1
586,586,2023-01-01 04:02:14,3880,2470,1010.54,14534,0,1,1
587,587,2023-01-01 04:03:15,3465,2395,873.47,14595,0,0,0
588,588,2023-01-01 04:03:18,1746,3144,901.01,14598,0,0,0
589,589,2023-01-01 04:04:05,3380,1751,487.19,14645,0,0,0
590,590,2023-01-01 04:04:06,1686,3625,175.74,14646,0,0,0
591,591,2023-01-01 04:04:29,818,6056,260.75,14669,0,0,0
592,592,2023-01-01 04:04:52,1874,8618,104.75,14692,0,0,0
593,593,2023-01-01 04:04:59,2931,9129,133.28,14699,0,0,0
594,594,2023-01-01 04:05:10,1503,8546,298.32,14710,0,0,0
595,595,2023-01-01 04:05:19,803,2075,696.27,14719,0,0,0
596,596,2023-01-01 04:05:26,3875,4501,516.52,14726,0,0,0
597,597,2023-01-01 04:06:08,35,6612,615.31,14768,0,0,0
598,598,2023-01-01 04:06:21,4800,6221,96.86,14781,0,0,0
599,599,2023-01-01 04:06:24,2818,6115,452.7,14784,0,0,0
600,600,2023-01-01 04:06:37,2425,4525,1653.37,14797,0,1,1
601,601,2023-01-01 04:07:01,3029,2861,274.34,14821,0,0,0
602,602,2023-01-01 04:07:19,769,123,322.41,14839,0,0,0
603,603,2023-01-01 04:07:33,2991,8576,295.43,14853,0,0,0
604,604,2023-01-01 04:07:39,2916,7114,419.79,14859,0,0,0
605,605,2023-01-01 04:07:47,3249,9430,429.59,14867,0,0,0
606,606,2023-01-01 04:07:58,795,7838,295.99,14878,0,0,0
607,607,2023-01-01 04:08:36,382,5313,36.93,14916,0,0,0
608,608,2023-01-01 04:08:44,1068,6964,928.95,14924,0,0,0
609,609,2023-01-01 04:08:53,2148,1571,17.42,14933,0,0,0
610,610,2023-01-01 04:08:57,3653,9280,798.0,14937,0,0,0
611,611,2023-01-01 04:09:28,1859,7183,593.11,14968,0,0,0
612,612,2023-01-01 04:09:45,4404,8126,795.15,14985,0,0,0
613,613,2023-01-01 04:09:51,1906,3954,576.22,14991,0,0,0
614,614,2023-01-01 04:10:00,3866,4267,606.01,15000,0,0,0
615,615,2023-01-01 04:10:09,3010,8318,749.22,15009,0,0,0
616,616,2023-01-01 04:10:15,874,2365,249.89,15015,0,0,0
617,617,2023-01-01 04:10:20,471,4299,40.29,15020,0,0,0
618,618,2023-01-01 04:10:24,2390,6824,442.58,15024,0,0,0
619,619,2023-01-01 04:10:27,632,443,248.47,15027,0,0,0
620,620,2023-01-01 04:10:29,4816,7252,714.14,15029,0,0,0
621,621,2023-01-01 04:10:58,131,6025,451.59,15058,0,0,0
622,622,2023-01-01 04:11:09,1419,8298,518.09,15069,0,0,0
623,623,2023-01-01 04:11:12,4465,2899,335.07,15072,0,0,0
624,624,2023-01-01 04:11:17,4521,6080,263.65,15077,0,0,0
625,625,2023-01-01 04:11:30,247,7080,30.02,15090,0,0,0
626,626,2023-01-01 04:11:34,1427,9603,147.08,15094,0,0,0
627,627,2023-01-01 04:12:35,3998,5587,1929.08,15155,0,1,1
628,628,2023-01-01 04:12:59,2573,2114,371.33,15179,0,0,0
629,629,2023-01-01 04:13:27,4920,5305,369.83,15207,0,0,0
630,630,2023-01-01 04:13:33,888,6556,470.31,15213,0,0,0
631,631,2023-01-01 04:14:00,3744,2773,72.56,15240,0,0,0
632,632,2023-01-01 04:14:23,1199,9820,248.21,15263,0,0,0
633,633,2023-01-01 04:15:22,4994,7924,1053.05,15322,0,1,1
634,634,2023-01-01 04:15:24,2514,1357,248.37,15324,0,0,0
635,635,2023-01-01 04:15:49,3931,9632,1170.23,15349,0,1,1
636,636,2023-01-01 04:16:11,1410,8192,11.71,15371,0,0,0
637,637,2023-01-01 04:16:15,4781,5328,444.78,15375,0,0,0
638,638,2023-01-01 04:16:18,4767,1140,200.74,15378,0,0,0
639,639,2023-01-01 04:16:18,818,7481,925.78,15378,0,0,0
640,640,2023-01-01 04:16:27,3739,9186,524.75,15387,0,0,0
641,641,2023-01-01 04:16:39,1052,6244,1138.93,15399,0,1,1
642,642,2023-01-01 04:17:03,418,2448,1105.73,15423,0,1,1
643,643,2023-01-01 04:17:10,3451,8177,1128.12,15430,0,1,1
644,644,2023-01-01 04:17:19,476,7048,415.3,15439,0,0,0
645,645,2023-01-01 04:17:33,3208,7469,1108.18,15453,0,1,1
646,646,2023-01-01 04:18:10,3818,6501,614.73,15490,0,0,0
647,647,2023-01-01 04:18:25,3936,1949,196.76,15505,0,0,0
648,648,2023-01-01 04:18:34,356,4667,1225.97,15514,0,1,1